着 順,枠 番,馬 番,馬名,性齢,斤量,騎手,タイム,着差,単勝,人 気,馬体重,調教師,race_id,race_name
1,7,14,メイデンタワー,牝3,54,横山武史,1:26.1,,1.6,1.0,444(-4),[東] 稲垣幸雄,202305010101,3歳未勝利
2,5,10,レディアス,牝3,54,津村明秀,1:26.8,4,6.0,3.0,424(-4),[東] 鈴木慎太,202305010101,3歳未勝利
3,5,9,アンジュール,牝3,54,嶋田純次,1:27.1,2,92.7,10.0,418(0),[東] 佐藤吉勝,202305010101,3歳未勝利
4,8,15,マテリアルガール,牝3,54,内田博幸,1:27.3,3/4,13.6,4.0,490(+14),[東] 西田雄一,202305010101,3歳未勝利
5,2,3,オールマキシマム,牝3,52,小林脩斗,1:27.9,3.1/2,5.8,2.0,450(+2),[東] 奥平雅士,202305010101,3歳未勝利
6,4,8,スピリチュアル,牝3,54,武藤雅,1:28.0,1/2,25.7,7.0,444(-6),[東] 武藤善則,202305010101,3歳未勝利
7,6,11,マラマプア,牝3,53,永野猛蔵,1:28.1,1,15.2,5.0,482(+2),[東] 伊藤圭三,202305010101,3歳未勝利
8,2,4,フジジュンフェイス,牝3,54,杉原誠人,1:28.5,2.1/2,108.1,11.0,442(-4),[東] 伊藤大士,202305010101,3歳未勝利
9,4,7,テイエムガーネット,牝3,54,武士沢友,1:28.6,1/2,22.6,6.0,468(+4),[東] 石栗龍彦,202305010101,3歳未勝利
10,3,6,カノンチャン,牝3,52,横山琉人,1:29.0,2.1/2,134.4,12.0,446(-4),[東] 高柳瑞樹,202305010101,3歳未勝利
11,6,12,クレッシェンド,牝3,52,原優介,1:29.8,5,44.1,9.0,444(-8),[東] 小手川準,202305010101,3歳未勝利
12,3,5,ラテラリス,牝3,54,菅原明良,1:29.9,3/4,180.3,14.0,448(-10),[東] 高橋裕,202305010101,3歳未勝利
13,8,16,マキバシラ,牝3,54,大野拓弥,1:30.1,1.1/4,38.5,8.0,446(-2),[東] 浅野洋一,202305010101,3歳未勝利
14,7,13,マルティネーテ,牝3,52,山田敬士,1:30.3,1,229.1,15.0,474(+16),[東] 小桧山悟,202305010101,3歳未勝利
15,1,2,スウィフトアロー,牝3,51,西塚洸二,1:31.2,5,175.1,13.0,480(0),[東] 戸田博文,202305010101,3歳未勝利
16,1,1,ニューカラー,牝3,54,丸田恭介,1:31.6,2.1/2,300.2,16.0,418(0),[東] 嘉藤貴行,202305010101,3歳未勝利
1,7,13,ハッピーロンドン,牡3,56,菊沢一樹,1:27.6,,2.6,1.0,470(0),[東] 菊沢隆徳,202305010102,3歳新馬
2,8,16,リバートゥルー,牝3,54,吉田豊,1:27.7,1/2,20.8,7.0,454(0),[東] 久保田貴,202305010102,3歳新馬
3,1,1,トゥピ,牝3,54,杉原誠人,1:28.4,4,32.5,9.0,480(0),[東] 田村康仁,202305010102,3歳新馬
4,5,9,オーラビルス,牡3,56,浜中俊,1:29.0,3.1/2,7.4,4.0,518(0),[東] 小島茂之,202305010102,3歳新馬
5,3,6,チークルージュ,牝3,54,ルメール,1:29.1,1/2,5.0,2.0,434(0),[東] 木村哲也,202305010102,3歳新馬
6,8,15,スマイルスライヴ,牡3,56,津村明秀,1:29.7,3.1/2,42.6,11.0,468(0),[東] 松山将樹,202305010102,3歳新馬
7,2,4,ホウオウアリシア,牝3,54,横山武史,1:29.7,クビ,5.1,3.0,446(0),[東] 斎藤誠,202305010102,3歳新馬
8,6,12,ヒロノサクセス,牡3,56,嶋田純次,1:30.2,3,125.0,14.0,416(0),[東] 大和田成,202305010102,3歳新馬
9,2,3,グランドジャヌー,牡3,56,丸田恭介,1:30.4,1.1/2,140.9,16.0,468(0),[東] 本間忍,202305010102,3歳新馬
10,6,11,トップビート,牡3,54,山田敬士,1:30.6,1.1/4,135.9,15.0,450(0),[東] 萱野浩二,202305010102,3歳新馬
11,5,10,ノアローズ,牝3,52,原優介,1:30.7,1/2,24.7,8.0,446(0),[東] 天間昭一,202305010102,3歳新馬
12,4,8,ジュレップスター,牝3,51,西塚洸二,1:31.6,5,13.1,5.0,422(0),[東] 清水英克,202305010102,3歳新馬
13,4,7,フェスティヴビップ,牡3,56,菅原明良,1:32.0,2.1/2,39.4,10.0,506(0),[東] 清水英克,202305010102,3歳新馬
14,3,5,ミルクブッシュ,牡3,56,岩部純二,1:32.3,1.3/4,100.2,13.0,472(0),[東] 奥平雅士,202305010102,3歳新馬
15,1,2,アキノカトレア,牝3,54,武士沢友,1:32.5,1,78.0,12.0,446(0),[東] 田中剛,202305010102,3歳新馬
16,7,14,タイガーシュガー,牡3,56,田中勝春,1:32.8,2,18.2,6.0,558(0),[東] 高橋文雅,202305010102,3歳新馬
1,5,9,ロミオボス,牡3,56,ルメール,1:39.5,,2.3,1.0,466(+4),[東] 加藤征弘,202305010103,3歳未勝利
2,7,14,ラッキーコイン,牡3,56,戸崎圭太,1:39.8,1.3/4,6.0,3.0,478(-2),[東] 竹内正洋,202305010103,3歳未勝利
3,4,7,ヒルズカーン,牡3,56,吉田豊,1:39.9,3/4,29.5,8.0,474(-6),[東] 松永康利,202305010103,3歳未勝利
4,3,6,ゴンドワナ,牡3,56,田辺裕信,1:39.9,クビ,21.5,6.0,486(-4),[東] 小島茂之,202305010103,3歳未勝利
5,5,10,シャーンゴッセ,牡3,56,武豊,1:40.3,2.1/2,3.3,2.0,494(-2),[東] 蛯名正義,202305010103,3歳未勝利
6,3,5,セイルアウェイ,牡3,56,大野拓弥,1:40.6,1.3/4,307.1,15.0,434(0),[東] 松山将樹,202305010103,3歳未勝利
7,8,15,キタノクーヴェル,牡3,56,菅原明良,1:40.8,1.1/4,292.4,14.0,424(-4),[東] 本間忍,202305010103,3歳未勝利
8,7,13,カゼノハクシュウ,牡3,54,横山琉人,1:41.0,1.1/2,57.2,10.0,460(+8),[東] 上原博之,202305010103,3歳未勝利
9,4,8,セイウンデイスター,牡3,56,岩部純二,1:41.3,1.3/4,189.9,12.0,462(+4),[東] 萱野浩二,202305010103,3歳未勝利
10,8,16,エイチエヌバンピー,牡3,54,原優介,1:41.5,3/4,29.2,7.0,446(-2),[東] 小桧山悟,202305010103,3歳未勝利
11,1,2,ペガーズブリエ,牡3,55,永野猛蔵,1:41.7,1,89.9,11.0,500(+2),[東] 和田勇介,202305010103,3歳未勝利
12,6,12,ライルアケカイ,牡3,56,江田照男,1:41.8,3/4,260.9,13.0,454(+4),[東] 粕谷昌央,202305010103,3歳未勝利
13,1,1,フジマサメジャー,牡3,56,木幡巧也,1:42.1,1.3/4,19.6,5.0,488(0),[東] 菊川正達,202305010103,3歳未勝利
14,2,3,サブライムチューン,牡3,56,横山武史,1:42.3,1.1/4,8.7,4.0,462(-4),[東] 萩原清,202305010103,3歳未勝利
15,2,4,ミヤビラピート,牡3,56,丸田恭介,1:43.5,7,501.1,16.0,530(-4),[東] 高橋文雅,202305010103,3歳未勝利
16,6,11,ヴィナクローナ,牡3,56,石橋脩,1:43.5,クビ,41.6,9.0,460(-8),[東] 武市康男,202305010103,3歳未勝利
1,8,11,ラフエイジアン,牡3,56,田辺裕信,1:38.1,,3.4,2.0,462(+2),[東] 中舘英二,202305010104,3歳1勝クラス
2,7,9,ジャスリー,牡3,56,戸崎圭太,1:38.6,3,4.0,3.0,532(+8),[東] 田島俊明,202305010104,3歳1勝クラス
3,5,5,フリッパー,牡3,56,ルメール,1:38.7,3/4,8.1,5.0,500(+2),[東] 戸田博文,202305010104,3歳1勝クラス
4,4,4,パライバトルマリン,牝3,54,横山武史,1:38.7,クビ,3.4,1.0,518(+20),[東] 林徹,202305010104,3歳1勝クラス
5,8,12,ナチュラルハイ,牡3,55,永野猛蔵,1:38.9,1,143.4,11.0,472(+2),[東] 黒岩陽一,202305010104,3歳1勝クラス
6,6,8,オメガタキシード,牡3,56,横山和生,1:39.0,1/2,6.5,4.0,446(0),[西] 松永幹夫,202305010104,3歳1勝クラス
7,5,6,グランヒマラヤ,牡3,56,石川裕紀,1:39.5,3,36.2,7.0,506(-2),[東] 松山将樹,202305010104,3歳1勝クラス
8,2,2,ジャクソン,牡3,56,木幡初也,1:39.8,2,153.0,12.0,494(+2),[東] 武市康男,202305010104,3歳1勝クラス
9,3,3,クリニクラウン,牝3,52,原優介,1:39.8,アタマ,117.0,10.0,480(+4),[東] 小手川準,202305010104,3歳1勝クラス
10,1,1,ツインクルトーズ,牝3,54,木幡巧也,1:40.3,3,18.8,6.0,522(+26),[東] 牧光二,202305010104,3歳1勝クラス
11,6,7,トニトゥルス,牡3,56,大野拓弥,1:41.4,7,66.2,9.0,478(-4),[東] 新開幸一,202305010104,3歳1勝クラス
12,7,10,タルマエロマエ,牝3,54,Ｍ．デム,1:41.9,3,43.1,8.0,464(+8),[東] 新開幸一,202305010104,3歳1勝クラス
1,6,11,アスコルティアーモ,牝3,54,ルメール,1:46.1,,1.6,1.0,452(+4),[東] 林徹,202305010105,3歳未勝利
2,2,3,クインズカムイ,牝3,54,浜中俊,1:46.6,3,36.6,9.0,476(-6),[東] 加藤征弘,202305010105,3歳未勝利
3,4,7,オーヴァルブルーム,牝3,54,Ｍ．デム,1:46.7,3/4,10.2,3.0,430(-4),[東] 斎藤誠,202305010105,3歳未勝利
4,2,4,コントラポスト,牡3,56,田辺裕信,1:46.8,クビ,4.8,2.0,458(-2),[東] 菊沢隆徳,202305010105,3歳未勝利
5,4,8,ダット,牝3,52,原優介,1:47.1,2,35.8,8.0,432(0),[東] 小手川準,202305010105,3歳未勝利
6,7,13,ハイファイヴ,牡3,56,菅原明良,1:47.2,1/2,54.6,10.0,506(+4),[東] 堀内岳志,202305010105,3歳未勝利
7,8,16,ステラデルシエロ,牡3,56,石橋脩,1:47.4,1.1/2,21.1,6.0,476(-4),[東] 畠山吉宏,202305010105,3歳未勝利
8,6,12,ラスブリサス,牡3,56,戸崎圭太,1:47.5,クビ,13.8,5.0,520(+2),[東] 中川公成,202305010105,3歳未勝利
9,3,5,フジリョウエイ,牡3,56,菊沢一樹,1:47.7,1.1/4,72.3,11.0,480(-4),[東] 岩戸孝樹,202305010105,3歳未勝利
10,3,6,ウイニングライブ,牡3,56,伊藤工真,1:47.7,ハナ,278.8,15.0,446(+12),[東] 金成貴史,202305010105,3歳未勝利
11,7,14,リュクススティール,牡3,56,横山和生,1:47.9,1.1/4,12.5,4.0,498(-2),[東] 高柳瑞樹,202305010105,3歳未勝利
12,1,2,ブルーハートリリー,牝3,54,武豊,1:48.0,1/2,24.7,7.0,454(-4),[東] 奥平雅士,202305010105,3歳未勝利
13,8,15,マスターパペット,セ3,56,武藤雅,1:48.5,3,246.0,12.0,414(+4),[東] 水野貴広,202305010105,3歳未勝利
14,5,9,フェスティヴチャン,牝3,54,柴田善臣,1:48.8,1.3/4,426.5,16.0,466(0),[東] 根本康広,202305010105,3歳未勝利
15,1,1,トップガン,牡3,54,横山琉人,1:48.9,1/2,276.8,14.0,440(+10),[東] 勢司和浩,202305010105,3歳未勝利
中,5,10,ロジプロパー,牡3,56,内田博幸,,,261.2,13.0,522(+4),[東] 古賀慎明,202305010105,3歳未勝利
1,2,4,ランプシー,牡3,56,浜中俊,1:36.6,,15.8,5.0,462(0),[東] 斎藤誠,202305010106,3歳新馬
2,3,5,テンペスト,牝3,54,横山武史,1:36.6,アタマ,1.6,1.0,442(0),[東] 国枝栄,202305010106,3歳新馬
3,6,11,ムンドエルモソ,牝3,54,三浦皇成,1:36.8,1,5.6,2.0,422(0),[東] 鹿戸雄一,202305010106,3歳新馬
4,7,13,キタノブライド,牝3,54,木幡初也,1:36.8,クビ,10.2,4.0,412(0),[東] 高橋裕,202305010106,3歳新馬
5,7,14,ニシノリーデル,牝3,54,木幡巧也,1:37.0,1.1/4,58.0,9.0,414(0),[東] 小西一男,202305010106,3歳新馬
6,4,8,ビーチポジティヴ,牝3,54,柴田善臣,1:37.3,1.1/2,25.2,6.0,456(0),[東] 本間忍,202305010106,3歳新馬
7,5,10,サヴァリア,牝3,54,津村明秀,1:37.3,ハナ,7.4,3.0,448(0),[東] 小島茂之,202305010106,3歳新馬
8,3,6,バレーオブファイア,牡3,56,丸田恭介,1:37.4,1/2,122.0,12.0,462(0),[東] 加藤和宏,202305010106,3歳新馬
9,8,15,モンセラット,牝3,53,永野猛蔵,1:37.6,1.1/4,80.9,10.0,472(0),[東] 斎藤誠,202305010106,3歳新馬
10,5,9,ヒーユリユー,牡3,56,勝浦正樹,1:37.7,1,130.7,13.0,460(0),[東] 田村康仁,202305010106,3歳新馬
11,2,3,スキップアビート,牝3,54,杉原誠人,1:37.9,1.1/4,177.0,14.0,374(0),[東] 南田美知,202305010106,3歳新馬
12,6,12,インセプション,牡3,56,菊沢一樹,1:38.0,1,33.3,8.0,476(0),[西] 西村真幸,202305010106,3歳新馬
13,1,1,クリノキスミント,牝3,54,長岡禎仁,1:38.1,1/2,246.1,16.0,422(0),[西] 高橋康之,202305010106,3歳新馬
14,8,16,ニシノメサイア,牝3,54,大野拓弥,1:38.1,アタマ,92.3,11.0,456(0),[東] 田村康仁,202305010106,3歳新馬
15,4,7,タニセンレラ,牝3,54,武士沢友,1:38.1,ハナ,201.7,15.0,450(0),[東] 鈴木慎太,202305010106,3歳新馬
16,1,2,スッピン,牝3,54,内田博幸,1:38.1,ハナ,27.8,7.0,470(0),[東] 深山雅史,202305010106,3歳新馬
1,8,16,ゲンパチプライド,牡4,57,戸崎圭太,1:25.7,,2.6,1.0,496(0),[東] 西田雄一,202305010107,4歳以上1勝クラス
2,5,10,レイデルマール,セ5,56,横山琉人,1:26.0,1.3/4,22.7,7.0,502(+20),[東] 相沢郁,202305010107,4歳以上1勝クラス
3,7,13,クロースコンバット,牡4,57,津村明秀,1:26.0,ハナ,4.5,2.0,510(0),[東] 青木孝文,202305010107,4歳以上1勝クラス
4,8,15,フミバレンタイン,牝4,52,西塚洸二,1:26.1,クビ,36.0,8.0,474(+8),[東] 鹿戸雄一,202305010107,4歳以上1勝クラス
5,1,1,アーレンダール,牝4,55,横山武史,1:26.1,アタマ,5.0,3.0,504(0),[東] 宮田敬介,202305010107,4歳以上1勝クラス
6,3,5,ムーヴ,牡4,57,石川裕紀,1:26.4,2,7.9,4.0,472(+2),[東] 池上昌和,202305010107,4歳以上1勝クラス
7,2,4,キャプテンローレル,牡4,57,三浦皇成,1:26.6,1.1/4,14.6,6.0,474(-2),[東] 田村康仁,202305010107,4歳以上1勝クラス
8,6,12,ニシノコニャック,牡4,57,大野拓弥,1:26.6,ハナ,51.8,10.0,464(+12),[東] 伊藤大士,202305010107,4歳以上1勝クラス
9,6,11,ケイツーマルカ,牝5,56,菅原明良,1:26.7,1/2,36.2,9.0,518(+18),[東] 鈴木伸尋,202305010107,4歳以上1勝クラス
10,3,6,レッドレジェーラ,セ5,58,内田博幸,1:26.8,1/2,153.0,13.0,486(+12),[東] 古賀慎明,202305010107,4歳以上1勝クラス
11,7,14,フォーチュネイト,セ6,56,山田敬士,1:26.8,ハナ,105.7,12.0,444(+2),[東] 松永康利,202305010107,4歳以上1勝クラス
12,4,7,リゼレインボー,牡4,57,石橋脩,1:27.4,3.1/2,75.5,11.0,484(-2),[東] 松山将樹,202305010107,4歳以上1勝クラス
13,2,3,デュアルキャリアー,牡7,58,武豊,1:27.9,3,10.2,5.0,554(+2),[東] 加藤士津,202305010107,4歳以上1勝クラス
14,4,8,マロリン,牝7,56,菊沢一樹,1:28.2,1.3/4,351.7,15.0,498(+8),[東] 武市康男,202305010107,4歳以上1勝クラス
15,5,9,マリノプリエール,牝4,54,永野猛蔵,1:28.2,ハナ,169.9,14.0,466(+10),[東] 伊藤圭三,202305010107,4歳以上1勝クラス
16,1,2,クリノハニー,牝4,55,木幡巧也,1:29.5,8,495.5,16.0,452(+20),[東] 的場均,202305010107,4歳以上1勝クラス
1,1,1,ホウオウバリスタ,牡4,57,ルメール,2:11.2,,6.7,3.0,526(+6),[東] 稲垣幸雄,202305010108,4歳以上2勝クラス
2,6,12,キングサーガ,セ6,58,戸崎圭太,2:11.7,3.1/2,2.6,1.0,486(+10),[西] 池江泰寿,202305010108,4歳以上2勝クラス
3,1,2,ジャスパーグレイト,牡4,57,武豊,2:11.9,1.1/4,4.0,2.0,476(0),[西] 森秀行,202305010108,4歳以上2勝クラス
4,5,10,ヒミノフラッシュ,牡5,58,菅原明良,2:12.2,1.3/4,10.3,5.0,558(+2),[西] 川村禎彦,202305010108,4歳以上2勝クラス
5,6,11,ウォーロード,牡5,58,田辺裕信,2:13.1,5,21.2,8.0,486(+2),[東] 和田勇介,202305010108,4歳以上2勝クラス
6,7,13,パワーブローキング,牡4,57,横山和生,2:13.2,1/2,14.5,6.0,526(+2),[東] 栗田徹,202305010108,4歳以上2勝クラス
7,4,7,アイスシェルフ,牡6,58,内田博幸,2:13.3,アタマ,122.3,12.0,544(+4),[東] 稲垣幸雄,202305010108,4歳以上2勝クラス
8,3,6,クールファイブ,牡5,58,浜中俊,2:13.5,1.1/4,46.3,10.0,496(+4),[東] 堀内岳志,202305010108,4歳以上2勝クラス
9,4,8,シンヨモギネス,牡5,58,横山武史,2:13.8,2,8.3,4.0,488(+8),[東] 伊藤圭三,202305010108,4歳以上2勝クラス
10,5,9,カランセ,牝4,55,伊藤工真,2:14.1,2,87.8,11.0,480(+14),[東] 金成貴史,202305010108,4歳以上2勝クラス
11,7,14,ショウサンキズナ,牡4,57,三浦皇成,2:14.5,2.1/2,16.8,7.0,518(-4),[西] 松下武士,202305010108,4歳以上2勝クラス
12,8,15,リヴェット,牡5,58,大野拓弥,2:14.8,2,129.4,13.0,486(0),[東] 田村康仁,202305010108,4歳以上2勝クラス
13,2,3,ブーケドフルール,牝5,53,西塚洸二,2:15.0,3/4,390.8,15.0,428(+6),[東] 畠山吉宏,202305010108,4歳以上2勝クラス
14,8,16,ルーパステソーロ,牡5,58,木幡巧也,2:15.1,1/2,30.9,9.0,548(0),[東] 加藤士津,202305010108,4歳以上2勝クラス
15,3,5,エターナルボンド,セ6,57,永野猛蔵,2:15.8,4,162.8,14.0,518(-6),[東] 伊藤圭三,202305010108,4歳以上2勝クラス
16,2,4,プロース,牡7,58,菊沢一樹,2:16.7,5,532.8,16.0,506(-16),[東] 菊川正達,202305010108,4歳以上2勝クラス
1,2,3,コンシリエーレ,牡4,57,ルメール,1:36.8,,1.5,1.0,562(0),[東] 稲垣幸雄,202305010109,白嶺ステークス(3勝)
2,5,9,ドンカポノ,牡5,55,内田博幸,1:37.2,2.1/2,138.3,13.0,532(-6),[西] 庄野靖志,202305010109,白嶺ステークス(3勝)
3,6,10,ジョディーズマロン,牡5,55,戸崎圭太,1:37.3,1/2,23.3,5.0,468(0),[西] 北出成人,202305010109,白嶺ステークス(3勝)
4,7,13,ケイアイロベージ,セ5,56,浜中俊,1:37.4,クビ,9.8,3.0,492(-4),[西] 野中賢二,202305010109,白嶺ステークス(3勝)
5,4,6,ペイシャクェーサー,牝5,52,丸田恭介,1:37.4,クビ,199.9,15.0,476(-2),[東] 蛯名利弘,202305010109,白嶺ステークス(3勝)
6,4,7,ラズルダズル,牡6,56,三浦皇成,1:37.6,1,25.0,6.0,466(-6),[西] 茶木太樹,202305010109,白嶺ステークス(3勝)
7,8,14,ダッチマン,セ6,55,永野猛蔵,1:37.8,1.1/4,97.0,10.0,466(0),[西] 音無秀孝,202305010109,白嶺ステークス(3勝)
8,8,15,グランツアーテム,牡5,55,宮崎北斗,1:37.8,アタマ,12.8,4.0,512(+12),[東] 中川公成,202305010109,白嶺ステークス(3勝)
9,2,2,ライラボンド,牡4,55,長岡禎仁,1:38.1,1.3/4,31.1,7.0,518(+2),[西] 清水久詞,202305010109,白嶺ステークス(3勝)
10,7,12,カシノブレンド,セ7,55,北村宏司,1:38.2,クビ,145.1,14.0,470(-2),[東] 蛯名利弘,202305010109,白嶺ステークス(3勝)
11,6,11,クリーンスレイト,牡5,57,横山武史,1:38.3,1/2,4.9,2.0,484(+4),[東] 久保田貴,202305010109,白嶺ステークス(3勝)
12,1,1,エターナリー,牡6,55,武藤雅,1:39.3,6,41.8,9.0,474(+14),[西] 辻野泰之,202305010109,白嶺ステークス(3勝)
13,3,5,ヤマメ,牝6,51,小林脩斗,1:39.7,2.1/2,111.4,12.0,472(+2),[東] 久保田貴,202305010109,白嶺ステークス(3勝)
14,3,4,トーセンアラン,牡5,55,菅原明良,1:39.8,クビ,40.1,8.0,544(0),[西] 池江泰寿,202305010109,白嶺ステークス(3勝)
15,5,8,モズピンポン,牡6,54,横山和生,1:40.0,1,105.4,11.0,528(+10),[西] 矢作芳人,202305010109,白嶺ステークス(3勝)
1,6,6,ヤクシマ,牡3,56,ルメール,1:21.1,,4.0,3.0,498(-8),[西] 寺島良,202305010110,クロッカスステークス(L)
2,7,7,サトノヴィレ,牡3,56,三浦皇成,1:21.2,3/4,14.9,6.0,500(+2),[東] 鹿戸雄一,202305010110,クロッカスステークス(L)
3,7,8,フロムダスク,牡3,56,武豊,1:21.5,2,3.5,1.0,492(-8),[西] 森秀行,202305010110,クロッカスステークス(L)
4,2,2,ロードディフィート,牡3,56,田辺裕信,1:21.6,3/4,13.4,5.0,438(+10),[東] 和田勇介,202305010110,クロッカスステークス(L)
5,8,9,スムースベルベット,牝3,54,嶋田純次,1:21.8,1.1/4,34.9,8.0,490(+4),[東] 手塚貴久,202305010110,クロッカスステークス(L)
6,1,1,ニシノピウモッソ,牡3,56,勝浦正樹,1:21.9,クビ,4.3,4.0,464(+2),[東] 西田雄一,202305010110,クロッカスステークス(L)
7,4,4,レイフォール,牡3,56,武藤雅,1:21.9,クビ,128.4,10.0,464(-4),[東] 武藤善則,202305010110,クロッカスステークス(L)
8,3,3,クールムーア,牡3,56,Ｍ．デム,1:22.0,クビ,29.3,7.0,466(0),[東] 矢野英一,202305010110,クロッカスステークス(L)
9,5,5,ブルーイングリーン,牝3,54,山田敬士,1:22.4,2.1/2,100.8,9.0,466(0),[東] 小手川準,202305010110,クロッカスステークス(L)
10,8,10,ブーケファロス,牡3,56,菅原明良,1:22.9,3.1/2,3.7,2.0,444(0),[東] 清水英克,202305010110,クロッカスステークス(L)
1,7,7,サリエラ,牝4,54,ルメール,1:58.5,,1.8,1.0,422(+2),[東] 国枝栄,202305010111,白富士ステークス(L)
2,1,1,ドーブネ,牡4,56,武豊,1:58.7,1.1/4,3.8,2.0,478(-2),[西] 武幸四郎,202305010111,白富士ステークス(L)
3,2,2,ヤマニンサルバム,牡4,56,浜中俊,1:58.7,アタマ,6.5,3.0,494(-6),[西] 中村直也,202305010111,白富士ステークス(L)
4,4,4,カレンルシェルブル,牡5,57,戸崎圭太,1:58.7,ハナ,8.8,4.0,506(-2),[西] 安田翔伍,202305010111,白富士ステークス(L)
5,7,8,サトノエルドール,牡7,58,菅原明良,1:58.9,1,86.9,8.0,480(+10),[東] 国枝栄,202305010111,白富士ステークス(L)
6,3,3,トゥーフェイス,牡5,57,Ｍ．デム,1:59.2,2,9.3,5.0,506(+10),[東] 新開幸一,202305010111,白富士ステークス(L)
7,8,10,スーパーフェザー,セ8,57,三浦皇成,1:59.3,クビ,289.9,10.0,482(-4),[西] 渡辺薫彦,202305010111,白富士ステークス(L)
8,5,5,ザイツィンガー,牡7,57,津村明秀,1:59.7,2.1/2,214.5,9.0,422(-10),[西] 牧田和弥,202305010111,白富士ステークス(L)
9,8,9,ヒルノダカール,牡7,57,北村宏司,1:59.7,ハナ,72.5,7.0,516(-8),[西] 北出成人,202305010111,白富士ステークス(L)
中,6,6,サトノフラッグ,牡6,60,田辺裕信,,,33.0,6.0,512(+16),[東] 国枝栄,202305010111,白富士ステークス(L)
1,4,5,マイネルニコラス,牡4,57,柴田大知,1:48.3,,8.1,5.0,510(+4),[東] 高橋裕,202305010112,4歳以上1勝クラス
2,5,7,ダイバリオン,牡4,57,ルメール,1:48.4,1,2.8,1.0,460(0),[東] 池上昌和,202305010112,4歳以上1勝クラス
3,6,8,ナンヨーアゼリア,牝4,55,戸崎圭太,1:48.6,1.1/4,7.1,4.0,426(-4),[東] 手塚貴久,202305010112,4歳以上1勝クラス
4,6,9,ヴィブラツィオーネ,牡4,57,Ｍ．デム,1:48.7,クビ,32.5,9.0,478(+6),[東] 辻哲英,202305010112,4歳以上1勝クラス
5,8,12,ローブエリタージュ,牝4,55,石川裕紀,1:49.0,2,19.1,7.0,404(+2),[東] 手塚貴久,202305010112,4歳以上1勝クラス
6,1,1,エクスインパクト,セ5,58,津村明秀,1:49.1,1/2,18.3,6.0,480(+6),[東] 尾関知人,202305010112,4歳以上1勝クラス
7,4,4,タミオスター,牡4,57,田辺裕信,1:49.1,クビ,7.0,3.0,488(+4),[東] 斎藤誠,202305010112,4歳以上1勝クラス
8,8,13,ダンディジャック,牡4,54,西塚洸二,1:49.3,1,34.5,10.0,504(-2),[東] 佐藤吉勝,202305010112,4歳以上1勝クラス
9,7,11,テラフォーミング,牡4,55,横山琉人,1:49.5,1.1/4,26.4,8.0,484(0),[東] 相沢郁,202305010112,4歳以上1勝クラス
10,7,10,マリネロ,牝4,55,横山武史,1:49.5,クビ,3.6,2.0,430(-2),[東] 嘉藤貴行,202305010112,4歳以上1勝クラス
11,3,3,シュガービート,牡4,57,菊沢一樹,1:49.7,1.1/4,280.4,13.0,466(+9),[東] 土田稔,202305010112,4歳以上1勝クラス
12,5,6,テイエムオードリー,牝4,55,大野拓弥,1:50.2,3,134.4,11.0,472(+6),[東] 加藤和宏,202305010112,4歳以上1勝クラス
13,2,2,セイウンゴールド,牡5,57,永野猛蔵,1:50.3,1/2,138.6,12.0,496(-8),[東] 上原博之,202305010112,4歳以上1勝クラス
1,1,1,ジェイケイファイン,牡3,56,内田博幸,1:26.8,,4.2,3.0,466(-6),[東] 奥平雅士,202305010201,3歳未勝利
2,3,6,トレジャートレイル,牡3,56,吉田豊,1:26.9,1/2,89.8,10.0,468(+4),[東] 伊坂重信,202305010201,3歳未勝利
3,6,12,プリヴィエレジェ,牡3,54,横山琉人,1:27.1,1,14.7,6.0,468(0),[東] 矢野英一,202305010201,3歳未勝利
4,4,8,ザングウィル,牡3,56,横山武史,1:27.1,ハナ,3.2,1.0,510(+2),[東] 大竹正博,202305010201,3歳未勝利
5,8,16,マイショウチャン,牡3,56,戸崎圭太,1:27.1,ハナ,4.2,2.0,444(-2),[東] 相沢郁,202305010201,3歳未勝利
6,8,15,キングダラス,牡3,56,坂井瑠星,1:27.2,1/2,20.2,8.0,478(+2),[東] 田村康仁,202305010201,3歳未勝利
7,5,10,デイタム,牡3,56,Ｍ．デム,1:27.4,1.1/4,6.6,4.0,500(-2),[東] 鹿戸雄一,202305010201,3歳未勝利
8,7,14,キープシャイン,牡3,56,武藤雅,1:28.6,7,586.0,15.0,446(+8),[東] 中野栄治,202305010201,3歳未勝利
9,5,9,リネンスピリット,牡3,56,柴田大知,1:28.9,1.3/4,10.1,5.0,482(+2),[東] 粕谷昌央,202305010201,3歳未勝利
10,4,7,セブンハイ,牡3,56,北村宏司,1:29.0,1/2,255.4,12.0,502(0),[東] 新開幸一,202305010201,3歳未勝利
11,7,13,イチズ,牝3,51,土田真翔,1:29.1,1,243.9,11.0,414(-6),[東] 菊川正達,202305010201,3歳未勝利
12,3,5,アンプレッセシチー,牡3,55,永野猛蔵,1:29.4,2,18.5,7.0,504(+4),[東] 伊藤圭三,202305010201,3歳未勝利
13,6,11,アオイカゲ,牝3,52,原優介,1:29.9,3,446.7,13.0,472(-8),[東] 小桧山悟,202305010201,3歳未勝利
14,2,3,ゴールドフォックス,牡3,54,山田敬士,1:30.9,6,531.9,14.0,446(0),[東] 小桧山悟,202305010201,3歳未勝利
中,1,2,パネース,牡3,56,木幡巧也,,,42.6,9.0,452(-6),[東] 牧光二,202305010201,3歳未勝利
除,2,4,コパノエルパソ,牡3,56,三浦皇成,,,---,,520(+22),[東] 上原博之,202305010201,3歳未勝利
1,3,5,メイテソーロ,牡3,56,戸崎圭太,2:15.3,,4.0,2.0,488(+6),[東] 武市康男,202305010202,3歳未勝利
2,4,7,モーメントキャッチ,牡3,56,川田将雅,2:15.8,3.1/2,2.1,1.0,496(+4),[東] 武井亮,202305010202,3歳未勝利
3,5,10,ビップスコーピオン,牡3,56,柴田大知,2:16.0,3/4,7.1,4.0,456(+4),[東] 田島俊明,202305010202,3歳未勝利
4,3,6,バンクサイド,牡3,56,木幡初也,2:16.1,3/4,44.4,8.0,516(+8),[東] 竹内正洋,202305010202,3歳未勝利
5,7,13,ニシノファンフェア,牡3,56,内田博幸,2:16.3,1,4.7,3.0,482(0),[東] 和田勇介,202305010202,3歳未勝利
6,2,4,ウィズフィリップ,牡3,56,西村太一,2:16.3,クビ,22.5,5.0,520(+2),[東] 大竹正博,202305010202,3歳未勝利
7,8,15,セントアイヴス,牡3,56,吉田豊,2:17.0,4,37.2,6.0,498(-2),[東] 中舘英二,202305010202,3歳未勝利
8,8,16,シグナルファイアー,牝3,54,武士沢友,2:17.4,2.1/2,328.7,14.0,476(-12),[東] 水野貴広,202305010202,3歳未勝利
9,4,8,グレイソニック,牡3,56,菊沢一樹,2:17.5,1/2,399.6,15.0,506(-6),[東] 鈴木伸尋,202305010202,3歳未勝利
10,6,11,バトルエンジェル,牝3,54,松岡正海,2:17.6,1/2,185.9,13.0,494(-2),[東] 戸田博文,202305010202,3歳未勝利
11,7,14,ヴァークスティ,牡3,54,横山琉人,2:17.7,3/4,179.2,12.0,462(+8),[東] 相沢郁,202305010202,3歳未勝利
12,6,12,プロテア,セ3,56,坂井瑠星,2:17.9,1,46.6,9.0,478(+4),[東] 手塚貴久,202305010202,3歳未勝利
13,5,9,パープルアドミラル,牡3,56,横山和生,2:17.9,クビ,84.7,10.0,440(-14),[東] 堀内岳志,202305010202,3歳未勝利
14,1,1,ジグラート,牡3,56,三浦皇成,2:19.6,10,37.6,7.0,502(+6),[東] 尾関知人,202305010202,3歳未勝利
15,1,2,ビッグアメリカン,牡3,53,西塚洸二,2:20.4,5,482.3,16.0,572(-2),[東] 高橋文雅,202305010202,3歳未勝利
16,2,3,マイネルボンバー,牡3,54,小林脩斗,2:21.8,9,121.9,11.0,458(-10),[東] 武藤善則,202305010202,3歳未勝利
1,3,6,ニシノパプルブリリ,牝3,54,津村明秀,1:39.4,,3.0,2.0,464(+2),[東] 矢野英一,202305010203,3歳未勝利
2,3,5,ペイシャアンジェロ,牝3,52,原優介,1:39.5,1,19.9,6.0,436(0),[東] 伊藤伸一,202305010203,3歳未勝利
3,5,9,ランスノーブル,牝3,54,内田博幸,1:40.0,3,26.1,8.0,440(-2),[東] 上原博之,202305010203,3歳未勝利
4,4,8,ヒラリーステップ,牝3,54,柴田大知,1:40.1,1/2,97.0,11.0,460(-2),[東] 天間昭一,202305010203,3歳未勝利
5,7,13,イノセンス,牝3,54,菅原明良,1:40.5,2.1/2,34.6,9.0,470(+2),[東] 高木登,202305010203,3歳未勝利
6,7,14,レターマイハート,牝3,54,坂井瑠星,1:40.5,クビ,11.5,5.0,468(-8),[東] 萩原清,202305010203,3歳未勝利
7,1,1,キタノパッション,牝3,51,西塚洸二,1:40.6,1/2,303.4,15.0,432(-6),[東] 石栗龍彦,202305010203,3歳未勝利
8,2,3,ファームフレッシュ,牝3,54,伊藤工真,1:41.1,3,113.3,12.0,442(+2),[東] 金成貴史,202305010203,3歳未勝利
9,6,11,ハクサンブリエ,牝3,54,田辺裕信,1:41.2,3/4,7.2,3.0,462(+2),[東] 菊川正達,202305010203,3歳未勝利
10,8,16,エルダーサイン,牝3,54,ルメール,1:41.8,3.1/2,2.6,1.0,490(+4),[東] 国枝栄,202305010203,3歳未勝利
11,6,12,キーアビリティー,牝3,54,宮崎北斗,1:41.9,1/2,171.1,13.0,454(0),[東] 嘉藤貴行,202305010203,3歳未勝利
12,4,7,オランジー,牝3,54,石川裕紀,1:42.0,1/2,19.9,7.0,450(-8),[東] 青木孝文,202305010203,3歳未勝利
13,5,10,リリックス,牝3,54,松岡正海,1:42.0,クビ,8.7,4.0,488(+4),[東] 蛯名正義,202305010203,3歳未勝利
14,8,15,レッドカメリア,牝3,54,杉原誠人,1:42.5,3,285.7,14.0,444(+16),[東] 加藤和宏,202305010203,3歳未勝利
15,2,4,バトルレジェンダ,牝3,54,木幡巧也,1:44.8,大,85.9,10.0,418(+6),[東] 牧光二,202305010203,3歳未勝利
16,1,2,エイシンデネボラ,牝3,54,北村宏司,1:45.0,1.1/2,526.6,16.0,526(0),[東] 勢司和浩,202305010203,3歳未勝利
1,8,15,グリュースゴット,セ5,58,田中勝春,1:38.5,,3.6,1.0,492(+4),[東] 松永康利,202305010204,4歳以上1勝クラス
2,8,16,コンクエスト,牡4,57,菅原明良,1:39.0,3,5.3,3.0,508(+14),[東] 小笠倫弘,202305010204,4歳以上1勝クラス
3,5,10,ヴォルケニック,牡4,57,三浦皇成,1:39.0,ハナ,10.6,5.0,486(+2),[東] 高柳瑞樹,202305010204,4歳以上1勝クラス
4,6,11,ネオヒューズ,牡5,58,横山和生,1:39.3,1.3/4,18.9,7.0,518(-4),[東] 小西一男,202305010204,4歳以上1勝クラス
5,7,14,セイウンオードリー,牡5,58,江田照男,1:39.5,1.1/4,12.6,6.0,524(+10),[東] 深山雅史,202305010204,4歳以上1勝クラス
6,3,5,アポロリヤム,牡4,56,永野猛蔵,1:39.6,3/4,6.8,4.0,466(+8),[東] 和田勇介,202305010204,4歳以上1勝クラス
7,4,8,グロリアスヒーロー,牡4,57,津村明秀,1:39.7,1/2,28.7,9.0,490(+4),[東] 高木登,202305010204,4歳以上1勝クラス
8,1,1,サイモンソーラン,牡4,57,吉田豊,1:39.9,1.1/4,42.4,10.0,482(+2),[東] 勢司和浩,202305010204,4歳以上1勝クラス
9,2,3,ブラックルパン,牡4,54,西塚洸二,1:40.0,1/2,202.8,13.0,554(+26),[東] 大江原哲,202305010204,4歳以上1勝クラス
10,1,2,エコロエース,牡4,55,原優介,1:40.5,3,114.7,12.0,504(-6),[東] 矢野英一,202305010204,4歳以上1勝クラス
11,3,6,ノクターナリティ,牡4,57,大野拓弥,1:40.5,ハナ,23.3,8.0,492(+10),[東] 上原博之,202305010204,4歳以上1勝クラス
12,2,4,リュウノブレイク,セ4,57,丸田恭介,1:40.6,クビ,3.6,2.0,496(-2),[東] 宗像義忠,202305010204,4歳以上1勝クラス
13,5,9,マスケティアーズ,牡5,56,山田敬士,1:40.7,3/4,204.2,14.0,476(0),[東] 小桧山悟,202305010204,4歳以上1勝クラス
14,6,12,クリノアンカーマン,セ6,58,宮崎北斗,1:41.5,5,630.8,16.0,462(0),[東] 伊藤伸一,202305010204,4歳以上1勝クラス
15,7,13,ミヤコプレジール,牡4,57,Ｍ．デム,1:41.6,1/2,56.4,11.0,556(+17),[東] 土田稔,202305010204,4歳以上1勝クラス
16,4,7,アイファーヴァンズ,牡4,57,的場勇人,1:42.7,7,439.5,15.0,482(+4),[東] 的場均,202305010204,4歳以上1勝クラス
1,3,6,サルヴァトーレ,牡3,56,菅原明良,1:33.6,,3.4,1.0,478(+4),[東] 和田正一,202305010205,3歳未勝利
2,2,3,ハリケーンリッジ,牝3,54,ルメール,1:33.8,1,5.9,4.0,428(0),[東] 大和田成,202305010205,3歳未勝利
3,8,15,アサクサヴィーナス,牝3,54,吉田豊,1:34.1,1.1/2,3.5,2.0,454(0),[東] 高柳瑞樹,202305010205,3歳未勝利
4,1,2,レッドバレンティア,牡3,56,川田将雅,1:34.1,ハナ,5.2,3.0,446(+2),[東] 手塚貴久,202305010205,3歳未勝利
5,7,14,ウインレイアー,牝3,54,坂井瑠星,1:34.3,1.1/2,43.9,9.0,448(-2),[東] 和田雄二,202305010205,3歳未勝利
6,5,10,ジーククローネ,牡3,56,横山武史,1:34.4,1/2,12.9,5.0,468(-2),[東] 宮田敬介,202305010205,3歳未勝利
7,2,4,ロカイユ,牝3,54,石橋脩,1:34.4,ハナ,59.1,10.0,448(0),[東] 高橋裕,202305010205,3歳未勝利
8,5,9,トーセンジニアール,牡3,56,Ｍ．デム,1:34.5,クビ,17.5,8.0,440(+10),[東] 土田稔,202305010205,3歳未勝利
9,4,7,ヴァンナチュール,牡3,56,津村明秀,1:34.6,3/4,16.2,6.0,442(-18),[東] 林徹,202305010205,3歳未勝利
10,8,16,ウィンターダフネ,牝3,54,横山和生,1:34.7,1/2,16.8,7.0,474(-2),[東] 国枝栄,202305010205,3歳未勝利
11,4,8,サトノスヴニール,牡3,56,戸崎圭太,1:35.2,3,93.1,11.0,442(-4),[東] 萩原清,202305010205,3歳未勝利
12,1,1,ダンシングハピリー,牝3,54,杉原誠人,1:35.4,1.1/4,578.0,16.0,394(-6),[東] 清水英克,202305010205,3歳未勝利
13,7,13,クラウンサプライズ,セ3,55,永野猛蔵,1:35.5,1,530.8,15.0,486(-6),[東] 天間昭一,202305010205,3歳未勝利
14,6,11,コルデアニル,牝3,54,内田博幸,1:35.5,アタマ,378.7,14.0,456(-2),[東] 金成貴史,202305010205,3歳未勝利
15,6,12,コハル,牝3,54,北村宏司,1:35.7,1.1/4,298.0,13.0,418(-18),[東] 勢司和浩,202305010205,3歳未勝利
16,3,5,クーラント,牝3,54,田中勝春,1:36.0,1.3/4,178.7,12.0,414(-4),[東] 西田雄一,202305010205,3歳未勝利
1,3,5,ロードデルレイ,牡3,56,坂井瑠星,1:48.3,,4.3,2.0,480(0),[西] 中内田充,202305010206,3歳新馬
2,2,4,パールロード,牡3,56,川田将雅,1:49.0,4,2.2,1.0,504(0),[西] 中内田充,202305010206,3歳新馬
3,5,10,ガンウルフ,牡3,56,Ｍ．デム,1:49.2,1,4.8,3.0,504(0),[西] 藤岡健一,202305010206,3歳新馬
4,4,8,アサカラキング,牡3,56,石川裕紀,1:49.4,1.1/4,8.0,4.0,524(0),[東] 斎藤誠,202305010206,3歳新馬
5,2,3,ウイングランブルー,牡3,56,松岡正海,1:49.6,1.1/4,26.3,6.0,462(0),[東] 深山雅史,202305010206,3歳新馬
6,8,16,クラウンロマーニャ,牡3,56,横山武史,1:49.7,1/2,11.3,5.0,488(0),[東] 伊藤圭三,202305010206,3歳新馬
7,7,13,フェルミディラック,牝3,54,木幡巧也,1:50.2,3.1/2,26.6,7.0,462(0),[東] 勢司和浩,202305010206,3歳新馬
8,3,6,サクセスベージュ,セ3,56,北村宏司,1:50.4,3/4,40.4,8.0,466(0),[東] 久保田貴,202305010206,3歳新馬
9,1,1,エキゾチックアイズ,牝3,52,小林脩斗,1:50.5,3/4,147.8,11.0,426(0),[東] 戸田博文,202305010206,3歳新馬
10,1,2,トレジャートリップ,牝3,54,武士沢友,1:50.5,アタマ,83.0,9.0,408(0),[東] 田中剛,202305010206,3歳新馬
11,5,9,トーセンアデル,牡3,54,横山琉人,1:50.7,1.1/2,168.7,12.0,476(0),[東] 田村康仁,202305010206,3歳新馬
12,6,11,アグルーメ,牝3,54,菊沢一樹,1:51.0,1.1/2,173.9,13.0,442(0),[東] 岩戸孝樹,202305010206,3歳新馬
13,6,12,ヤマニントナーダ,牝3,54,柴田善臣,1:51.1,1/2,206.1,14.0,434(0),[東] 稲垣幸雄,202305010206,3歳新馬
14,8,15,カルテレヴァンテ,牝3,54,丸田恭介,1:51.6,3,240.0,15.0,454(0),[東] 伊藤大士,202305010206,3歳新馬
15,4,7,サクラトップハーツ,牡3,56,内田博幸,1:51.7,1/2,104.9,10.0,478(0),[東] 奥平雅士,202305010206,3歳新馬
16,7,14,カシマテッコン,牡3,54,山田敬士,1:52.8,7,358.3,16.0,514(0),[東] 鈴木慎太,202305010206,3歳新馬
1,6,6,バックスクリーン,牡4,57,菅原明良,2:14.5,,10.1,5.0,522(+18),[東] 斎藤誠,202305010207,4歳以上1勝クラス
2,1,1,サトノギベオン,牡4,57,武豊,2:14.7,1.1/4,2.2,1.0,532(+6),[東] 戸田博文,202305010207,4歳以上1勝クラス
3,8,11,アーバンデザイン,牡4,57,坂井瑠星,2:14.7,アタマ,8.7,4.0,518(-14),[東] 和田雄二,202305010207,4歳以上1勝クラス
4,6,7,エコロカナワン,牡5,58,内田博幸,2:15.1,2.1/2,41.8,8.0,506(+6),[東] 武市康男,202305010207,4歳以上1勝クラス
5,5,5,サトノバトラー,セ5,58,石川裕紀,2:15.3,1.1/4,11.0,6.0,506(-2),[東] 堀宣行,202305010207,4歳以上1勝クラス
6,7,9,ブラックピアノ,牡4,57,大野拓弥,2:15.4,1/2,3.7,2.0,484(+18),[東] 松永康利,202305010207,4歳以上1勝クラス
7,7,8,ヴラディア,牡4,57,横山和生,2:15.4,クビ,74.6,9.0,480(-4),[東] 小西一男,202305010207,4歳以上1勝クラス
8,8,10,サクセスミノル,牡4,57,横山武史,2:15.5,1/2,8.2,3.0,486(+10),[東] 中舘英二,202305010207,4歳以上1勝クラス
9,2,2,デュアルレインボー,牡4,57,北村宏司,2:16.5,6,16.5,7.0,490(+2),[西] 清水久詞,202305010207,4歳以上1勝クラス
10,3,3,ネフィリム,牡4,57,津村明秀,2:20.9,大,198.6,11.0,574(+28),[東] 和田勇介,202305010207,4歳以上1勝クラス
中,4,4,ランドアーティスト,セ6,58,木幡巧也,,,114.9,10.0,492(+18),[東] 辻哲英,202305010207,4歳以上1勝クラス
1,6,12,フォーヴィスム,牡5,58,内田博幸,1:24.7,,2.5,1.0,540(+10),[東] 奥村武,202305010208,4歳以上2勝クラス
2,4,8,ローヴェロ,牡4,57,ルメール,1:24.7,クビ,4.7,3.0,502(+2),[東] 加藤征弘,202305010208,4歳以上2勝クラス
3,5,9,バルミュゼット,牡4,57,戸崎圭太,1:25.0,1.1/2,3.4,2.0,522(+8),[東] 岩戸孝樹,202305010208,4歳以上2勝クラス
4,4,7,ロゼキルシュ,牝6,56,田辺裕信,1:25.2,1.1/2,68.1,8.0,494(+4),[東] 伊坂重信,202305010208,4歳以上2勝クラス
5,2,4,サトノムスタング,牡5,57,永野猛蔵,1:25.2,ハナ,167.6,15.0,480(+6),[東] 大和田成,202305010208,4歳以上2勝クラス
6,3,5,フィールザワールド,牡5,58,北村宏司,1:25.4,1,72.4,9.0,488(+4),[東] 岩戸孝樹,202305010208,4歳以上2勝クラス
7,8,15,インヴァリアンス,牡5,58,坂井瑠星,1:25.4,クビ,8.3,4.0,490(+8),[東] 尾関知人,202305010208,4歳以上2勝クラス
8,8,16,マイナーズライト,セ5,56,原優介,1:25.7,1.3/4,133.0,14.0,470(+12),[東] 大江原哲,202305010208,4歳以上2勝クラス
9,7,13,リュクスウォリアー,牡6,58,藤懸貴志,1:25.8,1/2,102.0,12.0,508(-6),[西] 平田修,202305010208,4歳以上2勝クラス
10,2,3,バクシン,牡5,56,横山琉人,1:25.9,3/4,22.1,6.0,512(+8),[東] 斎藤誠,202305010208,4歳以上2勝クラス
11,7,14,アラカザーム,牝5,56,田中勝春,1:26.1,1.1/4,74.4,10.0,460(+4),[東] 松永康利,202305010208,4歳以上2勝クラス
12,1,2,リュウグウハヤブサ,牡6,58,津村明秀,1:26.2,クビ,96.4,11.0,514(+22),[東] 伊坂重信,202305010208,4歳以上2勝クラス
13,3,6,ケイアイメープル,牡6,58,Ｍ．デム,1:26.5,2,24.6,7.0,494(+16),[東] 小島茂之,202305010208,4歳以上2勝クラス
14,5,10,アスカロン,牡5,58,横山和生,1:26.5,クビ,174.9,16.0,500(+6),[西] 森秀行,202305010208,4歳以上2勝クラス
15,1,1,ピンクダイヤ,牡4,57,菅原明良,1:26.7,1.1/4,123.2,13.0,486(+4),[西] 森秀行,202305010208,4歳以上2勝クラス
16,6,11,リンクスルーファス,牝4,55,石川裕紀,1:27.2,3,14.0,5.0,518(+14),[東] 手塚貴久,202305010208,4歳以上2勝クラス
1,4,4,ベラジオオペラ,牡3,56,横山武史,1:48.0,,2.9,1.0,504(-2),[西] 上村洋行,202305010209,セントポーリア賞(1勝)
2,5,5,トラマンダーレ,牡3,56,菅原明良,1:48.2,1.1/4,5.9,4.0,488(+6),[東] 鹿戸雄一,202305010209,セントポーリア賞(1勝)
3,7,7,ジェイパームス,牡3,56,川田将雅,1:48.2,クビ,3.2,2.0,494(0),[東] 堀宣行,202305010209,セントポーリア賞(1勝)
4,3,3,フェイト,牡3,56,坂井瑠星,1:48.2,ハナ,7.5,5.0,480(-8),[西] 矢作芳人,202305010209,セントポーリア賞(1勝)
5,8,8,ニシノプロポーズ,牡3,56,三浦皇成,1:48.2,ハナ,37.7,7.0,492(+6),[東] 松山将樹,202305010209,セントポーリア賞(1勝)
6,2,2,シャンドゥレール,牡3,56,Ｍ．デム,1:48.3,3/4,5.0,3.0,510(+8),[東] 国枝栄,202305010209,セントポーリア賞(1勝)
7,1,1,フェアエールング,牝3,54,柴田大知,1:48.7,2,77.1,8.0,436(+10),[東] 和田正一,202305010209,セントポーリア賞(1勝)
8,6,6,マイレーヌ,牝3,54,武豊,1:48.8,3/4,14.2,6.0,492(-2),[東] 斎藤誠,202305010209,セントポーリア賞(1勝)
1,4,4,レッドモンレーヴ,牡4,57,川田将雅,1:33.6,,2.0,1.0,510(+6),[東] 蛯名正義,202305010210,節分ステークス(3勝)
2,1,1,ルーカス,セ8,58,三浦皇成,1:33.8,1.1/2,67.2,8.0,514(+6),[東] 堀宣行,202305010210,節分ステークス(3勝)
3,2,2,アオイシンゴ,セ9,58,横山武史,1:33.9,クビ,32.9,7.0,502(+6),[東] 古賀慎明,202305010210,節分ステークス(3勝)
4,6,7,アヴェラーレ,牝5,56,ルメール,1:33.9,クビ,3.3,2.0,450(+8),[東] 木村哲也,202305010210,節分ステークス(3勝)
5,6,8,ソウルトレイン,牡6,58,大野拓弥,1:34.0,3/4,17.1,6.0,492(-4),[西] 昆貢,202305010210,節分ステークス(3勝)
6,7,10,パーソナルハイ,牝4,55,吉田豊,1:34.1,アタマ,14.0,5.0,474(+4),[西] 矢作芳人,202305010210,節分ステークス(3勝)
7,3,3,ベジャール,牡4,57,戸崎圭太,1:34.1,クビ,12.1,4.0,566(+4),[東] 田中博康,202305010210,節分ステークス(3勝)
8,5,5,ダンテスヴュー,牡4,57,坂井瑠星,1:34.3,1.1/4,5.7,3.0,470(-10),[西] 友道康夫,202305010210,節分ステークス(3勝)
9,5,6,リーガルバトル,牡6,58,石川裕紀,1:34.4,クビ,171.8,11.0,530(+8),[東] 高橋文雅,202305010210,節分ステークス(3勝)
10,7,9,オーバーディリバー,セ7,58,横山和生,1:34.6,1.1/2,76.3,9.0,486(+2),[東] 萩原清,202305010210,節分ステークス(3勝)
11,8,12,トーセンヴァンノ,牡4,57,田中勝春,1:34.8,1.1/4,208.4,12.0,492(-4),[東] 小桧山悟,202305010210,節分ステークス(3勝)
12,8,11,ストライプ,牝5,56,菅原明良,1:36.3,9,102.7,10.0,518(+12),[東] 尾形和幸,202305010210,節分ステークス(3勝)
1,7,13,レモンポップ,牡5,57,戸崎圭太,1:22.5,,1.6,1.0,522(+4),[東] 田中博康,202305010211,第37回根岸ステークス(GIII)
2,3,6,ギルデッドミラー,牝6,55,三浦皇成,1:22.6,1/2,5.1,2.0,496(+6),[西] 松永幹夫,202305010211,第37回根岸ステークス(GIII)
3,7,14,バトルクライ,牡4,56,川田将雅,1:22.7,3/4,12.8,4.0,496(0),[東] 高木登,202305010211,第37回根岸ステークス(GIII)
4,5,10,タガノビューティー,牡6,57,石橋脩,1:22.8,クビ,23.4,6.0,518(-2),[西] 西園正都,202305010211,第37回根岸ステークス(GIII)
5,8,15,エアアルマス,牡8,57,横山武史,1:23.4,3.1/2,87.3,11.0,494(+2),[西] 池添学,202305010211,第37回根岸ステークス(GIII)
6,8,16,ケンシンコウ,牡6,57,田辺裕信,1:23.5,クビ,86.7,10.0,502(+2),[東] 小西一男,202305010211,第37回根岸ステークス(GIII)
7,5,9,ベルダーイメル,牡6,57,柴田善臣,1:23.7,1.1/4,190.8,14.0,460(-12),[西] 本田優,202305010211,第37回根岸ステークス(GIII)
8,6,12,デンコウリジエール,牡6,57,秋山真一,1:23.8,1,166.7,13.0,484(0),[西] 荒川義之,202305010211,第37回根岸ステークス(GIII)
9,6,11,ジャスパープリンス,牡8,57,田中勝春,1:23.9,1/2,347.5,16.0,498(+8),[西] 森秀行,202305010211,第37回根岸ステークス(GIII)
10,4,7,レディバグ,牝5,55,酒井学,1:23.9,クビ,191.3,15.0,454(-4),[西] 北出成人,202305010211,第37回根岸ステークス(GIII)
11,3,5,アドマイヤルプス,セ6,57,内田博幸,1:24.1,3/4,62.2,9.0,552(+6),[東] 加藤征弘,202305010211,第37回根岸ステークス(GIII)
12,2,3,ホウオウアマゾン,牡5,57,坂井瑠星,1:24.1,クビ,32.5,8.0,518(-2),[西] 矢作芳人,202305010211,第37回根岸ステークス(GIII)
13,2,4,セキフウ,牡4,56,Ｍ．デム,1:24.8,4,27.2,7.0,482(-2),[西] 武幸四郎,202305010211,第37回根岸ステークス(GIII)
14,4,8,テイエムサウスダン,牡6,57,ルメール,1:24.9,クビ,7.9,3.0,550(-6),[東] 蛯名正義,202305010211,第37回根岸ステークス(GIII)
15,1,2,ヘリオス,セ7,57,武豊,1:25.0,1/2,14.7,5.0,466(+3),[西] 西園正都,202305010211,第37回根岸ステークス(GIII)
16,1,1,オーロラテソーロ,牡6,57,原優介,1:25.1,1/2,109.2,12.0,502(+1),[東] 畠山吉宏,202305010211,第37回根岸ステークス(GIII)
1,4,4,サウンドウォリアー,牡5,58,戸崎圭太,2:01.0,,5.0,3.0,498(+2),[西] 高橋康之,202305010212,4歳以上2勝クラス
2,8,10,マイネルクリソーラ,牡4,57,Ｍ．デム,2:01.0,ハナ,2.9,1.0,462(+4),[東] 中野栄治,202305010212,4歳以上2勝クラス
3,6,7,ボーンディスウェイ,牡4,57,石橋脩,2:01.4,2.1/2,3.0,2.0,494(0),[東] 牧光二,202305010212,4歳以上2勝クラス
4,7,8,ミズリーナ,牝6,56,的場勇人,2:01.5,3/4,139.7,11.0,494(+8),[東] 的場均,202305010212,4歳以上2勝クラス
5,7,9,キャルレイ,牡4,57,横山武史,2:01.8,1.1/2,7.2,5.0,484(0),[東] 鹿戸雄一,202305010212,4歳以上2勝クラス
6,5,5,セラフィナイト,牡5,58,坂井瑠星,2:01.9,1/2,5.8,4.0,458(+4),[東] 宮田敬介,202305010212,4歳以上2勝クラス
7,8,11,ポッドヴァイン,牡4,57,横山和生,2:01.9,クビ,33.9,6.0,416(-4),[東] 小野次郎,202305010212,4歳以上2勝クラス
8,1,1,ナックイルシーブ,牡5,58,木幡巧也,2:02.3,2.1/2,93.5,7.0,530(-6),[東] 杉浦宏昭,202305010212,4歳以上2勝クラス
9,6,6,タケルジャック,牡5,56,山田敬士,2:02.3,アタマ,130.0,9.0,484(+14),[東] 小桧山悟,202305010212,4歳以上2勝クラス
10,2,2,アトラクティーボ,牡4,57,武藤雅,2:02.4,3/4,99.8,8.0,532(-4),[東] 武藤善則,202305010212,4歳以上2勝クラス
11,3,3,エクセレントラン,セ6,55,西塚洸二,2:02.9,3,137.2,10.0,484(+2),[東] 大江原哲,202305010212,4歳以上2勝クラス
